userId,id,title,body
3,21,asperiores ea ipsam voluptatibus modi minima quia sint,"repellat aliquid praesentium dolorem quo
sed totam minus non itaque
nihil labore molestiae sunt dolor eveniet hic recusandae veniam
tempora et tenetur expedita sunt"
3,22,dolor sint quo a velit explicabo quia nam,"eos qui et ipsum ipsam suscipit aut
sed omnis non odio
expedita earum mollitia molestiae aut atque rem suscipit
nam impedit esse"
3,25,rem alias distinctio quo quis,"ullam consequatur ut
omnis quis sit vel consequuntur
ipsa eligendi ipsum molestiae et omnis error nostrum
molestiae illo tempore quia et distinctio"
3,26,est et quae odit qui non,"similique esse doloribus nihil accusamus
omnis dolorem fuga consequuntur reprehenderit fugit recusandae temporibus
perspiciatis cum ut laudantium
omnis aut molestiae vel vero"
3,28,delectus ullam et corporis nulla voluptas sequi,"non et quaerat ex quae ad maiores
maiores recusandae totam aut blanditiis mollitia quas illo
ut voluptatibus voluptatem
similique nostrum eum"
